{
	"$schema": "https://raw.githubusercontent.com/martinring/tmlanguage/master/tmlanguage.json",
	"name": "bioSyntax",
	"patterns": [
		{
			"include": "#keywords"
		},
		{
			"include": "#strings"
		}
	],
	"repository": {
		"keywords": {
			"patterns": [{
				"name": "keyword.control.bioSyntax",
				"match": "\\b(if|while|for|return)\\b"
			}]
		},
		"strings": {
			"name": "string.quoted.double.bioSyntax",
			"begin": "\"",
			"end": "\"",
			"patterns": [
				{
					"name": "constant.character.escape.bioSyntax",
					"match": "\\\\."
				}
			]
		}
	},
	"scopeName": "source.bioSyntax"
}