{
    "patterns": [
        {
            "include": "#structure"
        }
    ], 
    "$schema": "https://raw.githubusercontent.com/martinring/tmlanguage/master/tmlanguage.json", 
    "scopeName": "source.clustal", 
    "name": "clustal", 
    "repository": {
        "structure": {
            "patterns": [
                {
                    "name": "comment", 
                    "match": "^CLUSTAL.*"
                }, 
                {
                    "name": "chrStart", 
                    "match": "/[0-9]*-[0-9]*"
                }, 
                {
                    "name": "string", 
                    "match": "^[\\w\\.\\-\\_]*(?=[/ ])"
                }, 
                {
                    "name": "chrStart", 
                    "match": "[0-9]+$"
                }, 
                {
                    "name": "nothing", 
                    "match": "\\*++"
                }, 
                {
                    "name": "gradbw5", 
                    "match": "\\:++"
                }, 
                {
                    "name": "gradbw5", 
                    "match": "\\.++"
                }
            ]
        }
    }
}