{
	"$schema": "https://raw.githubusercontent.com/martinring/tmlanguage/master/tmlanguage.json",
	"name": "cwl",
	"patterns": [
		{
			"include": "#keywords"
		},
		{
			"include": "#strings"
		},
		{
			"include": "#comments"
		}
	],
	"repository": {
		"comments": {
			"patterns": [
				{
					"name": "comment.line.number-sign",
					"match": "#.*$"
				}
			]
		},
		"keywords": {
			"patterns": [{
				"name": "keyword.control.cwl",
				"match": "\\b(inputs|outputs|class|steps|id|requirements|hints|label|doc|cwlVersion|secondaryFiles|streamable|outputBinding|format|outputSource|linkMerge|type|glob|loadContents|outputEval|merge_nested|merge_flattened|location|path|basename|dirname|nameroot|nameext|checksum|size|format|contents|listing|fields|symbols|items|in|out|run|scatter|scatterMethod|source|default|valueFrom|expressionLib|types|linkMerge|inputBinding|position|prefix|separate|itemSeparator|valueFrom|shellQuote|packages|package|version|specs|entry|entryname|writable|baseCommand|arguments|stdin|stderr|stdout|successCodes|temporaryFailCodes|permanentFailCodes|dockerPull|dockerLoad|dockerFile|dockerImport|dockerImageId|dockerOutputDirectory|envDef|envName|envValue|coresMin|coresMax|ramMin|ramMax|tmpdirMin|tmpdirMax|outdirMin|outdirMax)(?=:)"
			},
			{
				"name": "support.type.cwl",
				"match": "\\b(CommandLineTool|ExpressionTool|Workflow|InlineJavascriptRequirement|SchemaDefRequirement|DockerRequirement|SoftwareRequirement|InitialWorkDirRequirement|EnvVarRequirement|ShellCommandRequirement|ResourceRequirement)\\b"
			},
			{
				"name": "storage.type.cwl",
				"match": "\\s+(null|boolean|int|long|float|double|string|File|Directory)\\b"
			},
			{
				"name": "storage.constant.cwl",
				"match": "\\b(draft-2|draft-3.dev1|draft3-dev2|draft3-dev3|draft3-dev4|draft3-dev5|draft3|draft4.dev1|draft4.dev2|draft4.dev3|v1.0.dev4|v1.0)\\b"
			}
		]
		},
		"strings": {
            "patterns":[
                {
                    "name": "string.quoted.double",
                    "begin": "\"",
                    "end": "\"",
                    "patterns": [
                        {
                            "name": "constant.character.escape.cwl",
                            "match": "\\\\."
                        }
                    ]
                },
                {
                    "name": "string.quoted.single",
                    "begin": "'",
                    "end": "'",
                    "patterns": [
                        {
                            "name": "constant.character.escape.cwl",
                            "match": "\\\\."
                        }
                    ]
                }
            ]
		}
	},
	"scopeName": "source.cwl"
}