{
    "patterns": [
        {
            "include": "#structure"
        }
    ], 
    "$schema": "https://raw.githubusercontent.com/martinring/tmlanguage/master/tmlanguage.json", 
    "scopeName": "source.gtf", 
    "name": "gtf", 
    "repository": {
        "structure": {
            "match": "^([\\S]*)\t([\\S]*)\t([\\S]*)\t([\\.|\\d+]\\d+)\t([\\.|\\d+]\\d+)\t([\\S]*)\t([\\S]*)\t([\\S]*)\t(.*)",
            "name": "line.gtf",
            "captures": {
                "1": {
                    "name": "chr.gtf"
                },
                "2": {
                    "name": "variable.parameter.gtf"
                },
                "3": {
                    "name": "feature.gtf",
                    "patterns": [
                        {
                            "name": "exonLevel.gtf",
                            "match": "exon"
                        },
                        {
                            "name": "transcriptLevel.gtf",
                            "match": "transcript"
                        },
                        {
                            "name": "cds.gtf",
                            "match": "CDS"
                        },
                        {
                            "name": "start_codon.gtf",
                            "match": "start_codon"
                        },
                        {
                            "name": "stop_codon.gtf",
                            "match": "stop_codon"
                        }
                    ]
                },
                "4": {
                    "patterns": [
                        {
                            "name": "chrStart2.bed", 
                            "match": "([0-9|\\.](?=\\d{2}\\t))"
                        }, 
                        {
                            "name": "chrStart2.bed", 
                            "match": "([0-9|\\.](?=\\d{5}\\t))"
                        }, 
                        {
                            "name": "chrStart2.bed", 
                            "match": "([0-9|\\.](?=\\d{8}\\t))"
                        },
                        {
                            "name": "chrStart.bed", 
                            "match": "([0-9|\\.])"
                        }
                    ]
                },
                "5": {
                    "patterns": [
                        {
                            "name": "chrStart2.bed", 
                            "match": "([0-9|\\.](?=\\d{2}\\t))"
                        }, 
                        {
                            "name": "chrStart2.bed", 
                            "match": "([0-9|\\.](?=\\d{5}\\t))"
                        }, 
                        {
                            "name": "chrStart2.bed", 
                            "match": "([0-9|\\.](?=\\d{8}\\t))"
                        },
                        {
                            "name": "chrEnd.bed", 
                            "match": "([0-9|\\.])"
                        }
                    ]
                },
                "6": {
                    "patterns": [
                        {
                            "name": "comment.gtf", 
                            "match": "\\."
                        }, 
                        {
                            "name": "grad1.gtf", 
                            "match": "([1-9])\\b"
                        }, 
                        {
                            "name": "grad1.gtf", 
                            "match": "([1-9][0-9])\\b"
                        }, 
                        {
                            "name": "grad2.gtf", 
                            "match": "1[0-9][0-9]\\b"
                        }, 
                        {
                            "name": "grad3.gtf", 
                            "match": "2[0-9][0-9]\\b"
                        }, 
                        {
                            "name": "grad4.gtf", 
                            "match": "3[0-9][0-9]\\b"
                        }, 
                        {
                            "name": "grad5.gtf", 
                            "match": "4[0-9][0-9]\\b"
                        }, 
                        {
                            "name": "grad6.gtf", 
                            "match": "5[0-9][0-9]\\b"
                        }, 
                        {
                            "name": "grad7.gtf", 
                            "match": "6[0-9][0-9]\\b"
                        }, 
                        {
                            "name": "grad8.gtf", 
                            "match": "7[0-9][0-9]\\b"
                        }, 
                        {
                            "name": "grad9.gtf", 
                            "match": "8[0-9][0-9]\\b"
                        }, 
                        {
                            "name": "grad10.gtf", 
                            "match": "9[0-9][0-9]\\b"
                        }, 
                        {
                            "name": "grad10.gtf", 
                            "match": "([0-9][0-9][0-9][0-9])\\b"
                        }
                    ]
                },
                "7": {
                    "patterns": [
                        {
                            "name": "strandPlus.gtf", 
                            "match": "\\+"
                        }, 
                        {
                            "name": "strandMinus.gtf", 
                            "match": "\\-"
                        }, 
                        {
                            "name": "strandNone.gtf", 
                            "match": "\\."
                        }
                    ]
                },
                "8": {
                    "patterns": [
                        {
                            "name": "numeric.gtf", 
                            "match": "([0-2])\\b"
                        }, 
                        {
                            "name": "comment.gtf", 
                            "match": "\\."
                        }
                    ]
                },
                "9": {
                    "patterns": [
                        {
                            "name": "gradbw5.attributeName.gtf", 
                            "match": "[^\\s;]+(?=\\s\"[\\w|\\W|\\_|\\.]*\")"
                        }, 
                        {
                            "name": "numeric.attributeNumbers.gtf", 
                            "match": "(?=\"[\\w|\\d|\\.]+\";)\"[\\d|\\.]+\""
                        }, 
                        {
                            "name": "grad4.attributeString.gtf", 
                            "match": "(?=\"[\\w|\\d|\\.|\\-|\\_|\\:]+\";)\"[\\w|\\d|\\.|\\-|\\_|\\:]+\""
                        }, 
                        {
                            "name": "gradbw5.attributeName.gtf", 
                            "match": "[^\\s;]+(?=\\s[\\w|\\W|\\_|\\.])"
                        }, 
                        {
                            "name": "numeric.attributeNumbers.gtf", 
                            "match": "(?=\\d+;)\\d+"
                        }
                    ]
                }
            },
            "patterns": []
        }
    }
}