{
	"$schema": "https://raw.githubusercontent.com/martinring/tmlanguage/master/tmlanguage.json",
	"name": "pml",
	"patterns": [
		{
			"include": "#keywords"
		},
		{
			"include": "#strings"
		}
	],
	"repository": {
		"keywords": {
			"patterns": [{
				"name": "entity.name.tag.pml",
				"match": "(\\S+\\.(pdb|pdbx|pdbml|xml|cif|mmcif|map|pse)(.gz)?)\\b"
            },
            {
                "match": "(abort|accept|alias|align|alignto|alphatoall|alter|alter\\_state|angle|api|as|assert|attach|backward|bg\\_color|bond|button|cache|callout|capture|cartoon|cd|cealign|center|centerofmass|check|class|clean|clip|cls|color|config\\_mouse|copy|copy\\_to|count\\_atoms|count\\_discrete|count\\_frames|count\\_states|create|cycle\\_valence|decline|def|del|delete|deprotect|desaturate|deselect|dihedral|dir|disable|distance|drag|draw|dss|dump|edit|edit\\_mode|embed|enable|ending|exec|export\\_dots|extra\\_fit|extract|fab|feedback|fetch|fit|fix\\_chemistry|flag|focal\\_blur|for|fork|forward|fragment|frame|full\\_screen|fuse|get|get\\_angle|get\\_area|get\\_bond|get\\_chains|get\\_dihedral|get\\_distance|get\\_extent|get\\_position|get\\_property|get\\_property\\_list|get\\_renderer|get\\_sasa\\_relative|get\\_symmetry|get\\_title|get\\_type|get\\_version|get\\_view|get\\_viewport|global|gradient|group|h\\_add|h\\_fill|h\\_fix|help|help\\_setting|hide|id\\_atom|identify|if|import|index|indicate|intra\\_fit|intra\\_rms|intra\\_rms\\_cur|invert|isodot|isolevel|isomesh|isosurface|iterate|iterate\\_state|join\\_states|label|load|load\\_embedded|load\\_mtz|load\\_png|load\\_traj|loadall|log|log\\_close|log\\_open|ls|madd|map\\_double|map\\_halve|map\\_new|map\\_set|map\\_set\\_border|map\\_trim|mappend|mask|matrix\\_copy|matrix\\_reset|mclear|mcopy|mdelete|mdo|mdump|mem|meter\\_reset|middle|minsert|mmatrix|mmove|morph|mouse|move|movie\\.load|movie\\.nutate|movie\\.pause|movie\\.produce|movie\\.rock|movie\\.roll|movie\\.screw|movie\\.sweep|movie\\.tdroll|movie\\.zoom|mplay|mpng|mse2met|mset|mstop|mtoggle|multisave|mview|order|orient|origin|overlap|pair\\_fit|pass|phi\\_psi|(?<!\\.)png|pop|protect|pseudoatom|pwd|quit|raise|ramp\\_new|ramp\\_update|ray|rebuild|recolor|redo|reference|refresh|refresh\\_wizard|reinitialize|remove|remove\\_picked|rename|replace|replace\\_wizard|reset|resume|rewind|rms|rms\\_cur|rock|rotate|run|save|scene|scene\\_order|sculpt\\_activate|sculpt\\_deactivate|sculpt\\_iterate|sculpt\\_purge|select|set|set\\_atom\\_property|set\\_bond|set\\_color|set\\_dihedral|set\\_geometry|set\\_key|set\\_name|set\\_property|set\\_symmetry|set\\_title|set\\_view|show|slice\\_new|smooth|sort|space|spawn|spectrum|spheroid|splash|split\\_chains|split\\_states|stereo|super|symexp|symmetry\\_copy|system|toggle|torsion|translate|try|turn|unbond|undo|ungroup|uniquify|unmask|unpick|unset|unset\\_bond|unset\\_deep|update|util\\.cbab|util\\.cbac|util\\.cbag|util\\.cbak|util\\.cbam|util\\.cbao|util\\.cbap|util\\.cbas|util\\.cbaw|util\\.cbay|util\\.cbc|util\\.chainbow|util\\.cnc|util\\.rainbow|util\\.ss|valence|vdw\\_fit|view|viewport|volume|volume\\_color|volume\\_panel|volume\\_ramp\\_new|while|window|wizard|zoom)\\b",
                "name": "variable.function.pml"
            },
            {
                "match": "(active\\_selections|alignment\\_as\\_cylinders|all\\_states|ambient|ambient\\_occlusion\\_mode|ambient\\_occlusion\\_scale|ambient\\_occlusion\\_smooth|anaglyph\\_mode|angle\\_color|angle\\_label\\_position|angle\\_size|animation|animation\\_duration|antialias|antialias\\_shader|assembly|async\\_builds|ati\\_bugs|atom\\_name\\_wildcard|atom\\_type\\_format|auto\\_classify\\_atoms|auto\\_color|auto\\_color\\_next|auto\\_copy\\_images|auto\\_defer\\_atom\\_count|auto\\_defer\\_builds|auto\\_dss|auto\\_hide\\_selections|auto\\_indicate\\_flags|auto\\_number\\_selections|auto\\_overlay|auto\\_remove\\_hydrogens|auto\\_rename\\_duplicate\\_objects|auto\\_sculpt|auto\\_show\\_classified|auto\\_show\\_lines|auto\\_show\\_nonbonded|auto\\_show\\_selections|auto\\_show\\_spheres|auto\\_zoom|autoclose\\_dialogs|backface\\_cull|batch\\_prefix|bg\\_gradient|bg\\_image\\_filename|bg\\_image\\_linear|bg\\_image\\_mode|bg\\_image\\_tilesize|bg\\_rgb|bg\\_rgb\\_bottom|bg\\_rgb\\_top|button\\_mode|button\\_mode\\_name|cache\\_display|cache\\_frames|cache\\_max|cache\\_memory|cache\\_mode|cartoon\\_all\\_alt|cartoon\\_color|cartoon\\_cylindrical\\_helices|cartoon\\_debug|cartoon\\_discrete\\_colors|cartoon\\_dumbbell\\_length|cartoon\\_dumbbell\\_radius|cartoon\\_dumbbell\\_width|cartoon\\_fancy\\_helices|cartoon\\_fancy\\_sheets|cartoon\\_flat\\_cycles|cartoon\\_flat\\_sheets|cartoon\\_gap\\_cutoff|cartoon\\_helix\\_radius|cartoon\\_highlight\\_color|cartoon\\_ladder\\_color|cartoon\\_ladder\\_mode|cartoon\\_ladder\\_radius|cartoon\\_loop\\_cap|cartoon\\_loop\\_quality|cartoon\\_loop\\_radius|cartoon\\_nucleic\\_acid\\_as\\_cylinders|cartoon\\_nucleic\\_acid\\_color|cartoon\\_nucleic\\_acid\\_mode|cartoon\\_oval\\_length|cartoon\\_oval\\_quality|cartoon\\_oval\\_width|cartoon\\_power|cartoon\\_power\\_b|cartoon\\_putty\\_quality|cartoon\\_putty\\_radius|cartoon\\_putty\\_range|cartoon\\_putty\\_scale\\_max|cartoon\\_putty\\_scale\\_min|cartoon\\_putty\\_scale\\_power|cartoon\\_putty\\_transform|cartoon\\_rect\\_length|cartoon\\_rect\\_width|cartoon\\_refine|cartoon\\_refine\\_normals|cartoon\\_refine\\_tips|cartoon\\_ring\\_color|cartoon\\_ring\\_finder|cartoon\\_ring\\_mode|cartoon\\_ring\\_radius|cartoon\\_ring\\_transparency|cartoon\\_ring\\_width|cartoon\\_round\\_helices|cartoon\\_sampling|cartoon\\_side\\_chain\\_helper|cartoon\\_smooth\\_cycles|cartoon\\_smooth\\_first|cartoon\\_smooth\\_last|cartoon\\_smooth\\_loops|cartoon\\_throw|cartoon\\_trace\\_atoms|cartoon\\_transparency|cartoon\\_tube\\_cap|cartoon\\_tube\\_quality|cartoon\\_tube\\_radius|cartoon\\_use\\_shader|cavity\\_cull|cgo\\_debug|cgo\\_dot\\_radius|cgo\\_dot\\_width|cgo\\_ellipsoid\\_quality|cgo\\_lighting|cgo\\_line\\_radius|cgo\\_line\\_width|cgo\\_ray\\_width\\_scale|cgo\\_shader\\_ub\\_color|cgo\\_shader\\_ub\\_flags|cgo\\_shader\\_ub\\_normal|cgo\\_sphere\\_quality|cgo\\_transparency|cgo\\_use\\_shader|chromadepth|cif\\_keepinmemory|cif\\_use\\_auth|clamp\\_colors|clean\\_electro\\_mode|collada\\_background\\_box|collada\\_export\\_lighting|collada\\_geometry\\_mode|cone\\_quality|connect\\_bonded|connect\\_cutoff|connect\\_mode|coulomb\\_cutoff|coulomb\\_dielectric|coulomb\\_units\\_factor|dash\\_as\\_cylinders|dash\\_color|dash\\_gap|dash\\_length|dash\\_radius|dash\\_round\\_ends|dash\\_transparency|dash\\_use\\_shader|dash\\_width|debug\\_pick|default\\_2fofc\\_map\\_rep|default\\_buster\\_names|default\\_fofc\\_map\\_rep|default\\_phenix\\_names|default\\_phenix\\_no\\_fill\\_names|default\\_refmac\\_names|defer\\_builds\\_mode|defer\\_updates|depth\\_cue|dihedral\\_color|dihedral\\_label\\_position|dihedral\\_size|direct|display\\_scale\\_factor|dist\\_counter|distance\\_exclusion|dot\\_as\\_spheres|dot\\_color|dot\\_density|dot\\_hydrogens|dot\\_lighting|dot\\_mode|dot\\_normals|dot\\_radius|dot\\_solvent|dot\\_use\\_shader|dot\\_width|draw\\_frames|draw\\_mode|dynamic\\_measures|dynamic\\_width|dynamic\\_width\\_factor|dynamic\\_width\\_max|dynamic\\_width\\_min|edit\\_light|editor\\_auto\\_dihedral|editor\\_auto\\_measure|editor\\_auto\\_origin|editor\\_bond\\_cycle\\_mode|editor\\_label\\_fragments|ellipsoid\\_color|ellipsoid\\_probability|ellipsoid\\_quality|ellipsoid\\_scale|ellipsoid\\_transparency|fast\\_idle|fetch\\_host|fetch\\_path|fetch\\_type\\_default|field\\_of\\_view|fit\\_iterations|fit\\_kabsch|fit\\_tolerance|float\\_labels|fog|fog\\_start|gamma|gaussian\\_b\\_adjust|gaussian\\_b\\_floor|gaussian\\_resolution|geometry\\_export\\_mode|gradient\\_max\\_length|gradient\\_min\\_length|gradient\\_min\\_slope|gradient\\_normal\\_min\\_dot|gradient\\_spacing|gradient\\_step\\_size|gradient\\_symmetry|grid\\_max|grid\\_mode|grid\\_slot|group\\_arrow\\_prefix|group\\_auto\\_mode|group\\_full\\_member\\_names|h\\_bond\\_cone|h\\_bond\\_cutoff\\_center|h\\_bond\\_cutoff\\_edge|h\\_bond\\_exclusion|h\\_bond\\_from\\_proton|h\\_bond\\_max\\_angle|h\\_bond\\_power\\_a|h\\_bond\\_power\\_b|half\\_bonds|hash\\_max|heavy\\_neighbor\\_cutoff|hide\\_long\\_bonds|hide\\_underscore\\_names|idle\\_delay|ignore\\_case|ignore\\_case\\_chain|ignore\\_pdb\\_segi|image\\_copy\\_always|image\\_dots\\_per\\_inch|internal\\_feedback|internal\\_gui|internal\\_gui\\_control\\_size|internal\\_gui\\_mode|internal\\_gui\\_width|internal\\_prompt|isomesh\\_auto\\_state|keep\\_alive|label\\_anchor|label\\_angle\\_digits|label\\_bg\\_color|label\\_bg\\_outline|label\\_bg\\_transparency|label\\_color|label\\_connector|label\\_connector\\_color|label\\_connector\\_ext\\_length|label\\_connector\\_mode|label\\_connector\\_width|label\\_digits|label\\_dihedral\\_digits|label\\_distance\\_digits|label\\_font\\_id|label\\_multiline\\_justification|label\\_multiline\\_spacing|label\\_outline\\_color|label\\_padding|label\\_placement\\_offset|label\\_position|label\\_relative\\_mode|label\\_screen\\_point|label\\_shadow\\_mode|label\\_size|label\\_z\\_target|legacy\\_mouse\\_zoom|light|light2|light3|light4|light5|light6|light7|light8|light9|light\\_count|line\\_as\\_cylinders|line\\_color|line\\_radius|line\\_smooth|line\\_stick\\_helper|line\\_use\\_shader|line\\_width|load\\_atom\\_props\\_default|load\\_object\\_props\\_default|log\\_box\\_selections|log\\_conformations|logging|map\\_auto\\_expand\\_sym|matrix\\_mode|max\\_threads|max\\_ups|mesh\\_as\\_cylinders|mesh\\_carve\\_cutoff|mesh\\_carve\\_selection|mesh\\_carve\\_state|mesh\\_clear\\_cutoff|mesh\\_clear\\_selection|mesh\\_clear\\_state|mesh\\_color|mesh\\_cutoff|mesh\\_grid\\_max|mesh\\_lighting|mesh\\_mode|mesh\\_negative\\_color|mesh\\_negative\\_visible|mesh\\_normals|mesh\\_quality|mesh\\_radius|mesh\\_skip|mesh\\_solvent|mesh\\_type|mesh\\_use\\_shader|mesh\\_width|min\\_mesh\\_spacing|moe\\_separate\\_chains|motion\\_bias|motion\\_hand|motion\\_linear|motion\\_power|motion\\_simple|mouse\\_grid|mouse\\_limit|mouse\\_restart\\_movie\\_delay|mouse\\_scale|mouse\\_selection\\_mode|mouse\\_wheel\\_scale|mouse\\_z\\_scale|movie\\_animate\\_by\\_frame|movie\\_auto\\_interpolate|movie\\_auto\\_store|movie\\_delay|movie\\_fps|movie\\_loop|movie\\_panel|movie\\_panel\\_row\\_height|movie\\_quality|movie\\_rock|multiplex|nb\\_spheres\\_quality|nb\\_spheres\\_size|nb\\_spheres\\_use\\_shader|neighbor\\_cutoff|no\\_idle|nonbonded\\_as\\_cylinders|nonbonded\\_size|nonbonded\\_transparency|nonbonded\\_use\\_shader|normal\\_workaround|normalize\\_ccp4\\_maps|normalize\\_grd\\_maps|normalize\\_o\\_maps|nvidia\\_bugs|opaque\\_background|orthoscopic|overlay|overlay\\_lines|pdb\\_conect\\_all|pdb\\_conect\\_nodup|pdb\\_discrete\\_chains|pdb\\_echo\\_tags|pdb\\_formal\\_charges|pdb\\_hetatm\\_guess\\_valences|pdb\\_hetatm\\_sort|pdb\\_honor\\_model\\_number|pdb\\_ignore\\_conect|pdb\\_insertions\\_go\\_first|pdb\\_insure\\_orthogonal|pdb\\_literal\\_names|pdb\\_no\\_end\\_record|pdb\\_reformat\\_names\\_mode|pdb\\_retain\\_ids|pdb\\_standard\\_order|pdb\\_truncate\\_residue\\_name|pdb\\_unbond\\_cations|pdb\\_use\\_ter\\_records|pick32bit|pick\\_labels|pick\\_shading|pick\\_surface|pickable|png\\_file\\_gamma|png\\_screen\\_gamma|polar\\_neighbor\\_cutoff|power|pqr\\_no\\_chain\\_id|precomputed\\_lighting|presentation|presentation\\_auto\\_quit|presentation\\_auto\\_start|presentation\\_mode|preserve\\_chempy\\_ids|pse\\_binary\\_dump|pse\\_export\\_version|pymol\\_space\\_max\\_blue|pymol\\_space\\_max\\_green|pymol\\_space\\_max\\_red|pymol\\_space\\_min\\_factor|raise\\_exceptions|ramp\\_blend\\_nearby\\_colors|rank\\_assisted\\_sorts|ray\\_blend\\_blue|ray\\_blend\\_colors|ray\\_blend\\_green|ray\\_blend\\_red|ray\\_clip\\_shadows|ray\\_color\\_ramps|ray\\_default\\_renderer|ray\\_direct\\_shade|ray\\_hint\\_camera|ray\\_hint\\_shadow|ray\\_improve\\_shadows|ray\\_interior\\_color|ray\\_interior\\_mode|ray\\_interior\\_reflect|ray\\_interior\\_shadows|ray\\_interior\\_texture|ray\\_label\\_connector\\_flat|ray\\_label\\_specular|ray\\_legacy\\_lighting|ray\\_max\\_passes|ray\\_opaque\\_background|ray\\_orthoscopic|ray\\_oversample\\_cutoff|ray\\_pixel\\_scale|ray\\_scatter|ray\\_shadow|ray\\_shadow\\_decay\\_factor|ray\\_shadow\\_decay\\_range|ray\\_shadow\\_fudge|ray\\_spec\\_local|ray\\_texture|ray\\_texture\\_settings|ray\\_trace\\_color|ray\\_trace\\_depth\\_factor|ray\\_trace\\_disco\\_factor|ray\\_trace\\_fog|ray\\_trace\\_fog\\_start|ray\\_trace\\_frames|ray\\_trace\\_gain|ray\\_trace\\_mode|ray\\_trace\\_persist\\_cutoff|ray\\_trace\\_slope\\_factor|ray\\_trace\\_trans\\_cutoff|ray\\_transparency\\_contrast|ray\\_transparency\\_oblique|ray\\_transparency\\_oblique\\_power|ray\\_transparency\\_shadows|ray\\_transparency\\_spec\\_cut|ray\\_transparency\\_specular|ray\\_triangle\\_fudge|ray\\_volume|reflect|reflect\\_power|render\\_as\\_cylinders|retain\\_order|ribbon\\_as\\_cylinders|ribbon\\_color|ribbon\\_nucleic\\_acid\\_mode|ribbon\\_power|ribbon\\_power\\_b|ribbon\\_radius|ribbon\\_sampling|ribbon\\_side\\_chain\\_helper|ribbon\\_throw|ribbon\\_trace\\_atoms|ribbon\\_transparency|ribbon\\_use\\_shader|ribbon\\_width|robust\\_logs|rock\\_delay|roving\\_byres|roving\\_cartoon|roving\\_delay|roving\\_detail|roving\\_isomesh|roving\\_isosurface|roving\\_labels|roving\\_lines|roving\\_map1\\_level|roving\\_map1\\_name|roving\\_map2\\_level|roving\\_map2\\_name|roving\\_map3\\_level|roving\\_map3\\_name|roving\\_nb\\_spheres|roving\\_nonbonded|roving\\_origin|roving\\_origin\\_z|roving\\_origin\\_z\\_cushion|roving\\_polar\\_contacts|roving\\_polar\\_cutoff|roving\\_ribbon|roving\\_selection|roving\\_spheres|roving\\_sticks|scene\\_animation|scene\\_animation\\_duration|scene\\_buttons|scene\\_current\\_name|scene\\_frame\\_mode|scene\\_loop|scene\\_restart\\_movie\\_delay|scenes\\_changed|sculpt\\_angl\\_weight|sculpt\\_auto\\_center|sculpt\\_avd\\_excl|sculpt\\_avd\\_gap|sculpt\\_avd\\_range|sculpt\\_avd\\_weight|sculpt\\_bond\\_weight|sculpt\\_field\\_mask|sculpt\\_hb\\_overlap|sculpt\\_hb\\_overlap\\_base|sculpt\\_line\\_weight|sculpt\\_max\\_max|sculpt\\_max\\_min|sculpt\\_max\\_scale|sculpt\\_max\\_weight|sculpt\\_memory|sculpt\\_min\\_max|sculpt\\_min\\_min|sculpt\\_min\\_scale|sculpt\\_min\\_weight|sculpt\\_nb\\_interval|sculpt\\_plan\\_weight|sculpt\\_pyra\\_inv\\_weight|sculpt\\_pyra\\_weight|sculpt\\_tors\\_tolerance|sculpt\\_tors\\_weight|sculpt\\_tri\\_max|sculpt\\_tri\\_min|sculpt\\_tri\\_mode|sculpt\\_tri\\_scale|sculpt\\_tri\\_weight|sculpt\\_vdw\\_scale|sculpt\\_vdw\\_scale14|sculpt\\_vdw\\_vis\\_max|sculpt\\_vdw\\_vis\\_mid|sculpt\\_vdw\\_vis\\_min|sculpt\\_vdw\\_vis\\_mode|sculpt\\_vdw\\_weight|sculpt\\_vdw\\_weight14|sculpting|sculpting\\_cycles|sdof\\_drag\\_scale|secondary\\_structure|security|sel\\_counter|selection\\_overlay|selection\\_round\\_points|selection\\_visible\\_only|selection\\_width|selection\\_width\\_max|selection\\_width\\_scale|seq\\_view|seq\\_view\\_alignment|seq\\_view\\_color|seq\\_view\\_discrete\\_by\\_state|seq\\_view\\_fill\\_char|seq\\_view\\_fill\\_color|seq\\_view\\_format|seq\\_view\\_label\\_color|seq\\_view\\_label\\_mode|seq\\_view\\_label\\_spacing|seq\\_view\\_label\\_start|seq\\_view\\_location|seq\\_view\\_overlay|seq\\_view\\_unaligned\\_color|seq\\_view\\_unaligned\\_mode|session\\_cache\\_optimize|session\\_changed|session\\_compression|session\\_embeds\\_data|session\\_file|session\\_migration|session\\_version\\_check|shaders\\_from\\_disk|shininess|show\\_alpha\\_checker|show\\_frame\\_rate|show\\_progress|single\\_image|slice\\_dynamic\\_grid|slice\\_dynamic\\_grid\\_resolution|slice\\_grid|slice\\_height\\_map|slice\\_height\\_scale|slice\\_track\\_camera|slow\\_idle|smooth\\_color\\_triangle|smooth\\_half\\_bonds|solvent\\_radius|spec\\_count|spec\\_direct|spec\\_direct\\_power|spec\\_power|spec\\_reflect|specular|specular\\_intensity|sphere\\_color|sphere\\_mode|sphere\\_point\\_max\\_size|sphere\\_point\\_size|sphere\\_quality|sphere\\_scale|sphere\\_solvent|sphere\\_transparency|sphere\\_use\\_shader|spheroid\\_fill|spheroid\\_scale|spheroid\\_smooth|ss\\_helix\\_phi\\_exclude|ss\\_helix\\_phi\\_include|ss\\_helix\\_phi\\_target|ss\\_helix\\_psi\\_exclude|ss\\_helix\\_psi\\_include|ss\\_helix\\_psi\\_target|ss\\_strand\\_phi\\_exclude|ss\\_strand\\_phi\\_include|ss\\_strand\\_phi\\_target|ss\\_strand\\_psi\\_exclude|ss\\_strand\\_psi\\_include|ss\\_strand\\_psi\\_target|state|state\\_counter\\_mode|static\\_singletons|stereo\\_angle|stereo\\_double\\_pump\\_mono|stereo\\_dynamic\\_strength|stereo\\_mode|stereo\\_shift|stick\\_as\\_cylinders|stick\\_ball|stick\\_ball\\_color|stick\\_ball\\_ratio|stick\\_color|stick\\_debug|stick\\_fixed\\_radius|stick\\_good\\_geometry|stick\\_h\\_scale|stick\\_nub|stick\\_overlap|stick\\_quality|stick\\_radius|stick\\_round\\_nub|stick\\_transparency|stick\\_use\\_shader|stick\\_valence\\_scale|stop\\_on\\_exceptions|suppress\\_hidden|surface\\_best|surface\\_carve\\_cutoff|surface\\_carve\\_normal\\_cutoff|surface\\_carve\\_selection|surface\\_carve\\_state|surface\\_cavity\\_cutoff|surface\\_cavity\\_mode|surface\\_cavity\\_radius|surface\\_circumscribe|surface\\_clear\\_cutoff|surface\\_clear\\_selection|surface\\_clear\\_state|surface\\_color|surface\\_color\\_smoothing|surface\\_color\\_smoothing\\_threshold|surface\\_debug|surface\\_miserable|surface\\_mode|surface\\_negative\\_color|surface\\_negative\\_visible|surface\\_normal|surface\\_optimize\\_subsets|surface\\_poor|surface\\_proximity|surface\\_quality|surface\\_ramp\\_above\\_mode|surface\\_residue\\_cutoff|surface\\_smooth\\_edges|surface\\_solvent|surface\\_trim\\_cutoff|surface\\_trim\\_factor|surface\\_type|surface\\_use\\_shader|suspend\\_deferred|suspend\\_undo|suspend\\_undo\\_atom\\_count|suspend\\_updates|swap\\_dsn6\\_bytes|sweep\\_angle|sweep\\_mode|sweep\\_phase|sweep\\_speed|test1|test2|text|trace\\_atoms\\_mode|transparency|transparency\\_global\\_sort|transparency\\_mode|transparency\\_picking\\_mode|triangle\\_max\\_passes|trilines|trim\\_dots|two\\_sided\\_lighting|use\\_geometry\\_shaders|use\\_shaders|valence\\_mode|valence\\_size|valence\\_zero\\_mode|valence\\_zero\\_scale|validate\\_object\\_names|virtual\\_trackball|volume\\_bit\\_depth|volume\\_data\\_range|volume\\_layers|volume\\_mode|wildcard|wizard\\_prompt\\_mode|wrap\\_output)\\b",
                "name": "keyword.pml"
            },
            {
                "match": "(aquamarine|black|blue|bluewhite|brightorange|brown|carbon|chartreuse|chocolate|cyan|darksalmon|dash|deepblue|deepolive|deeppurple|deepsalmon|deepsalmon|deepteal|density|dirtyviolet|firebrick|forest|gray|green|greencyan|grey|hotpink|hydrogen|lightblue|lightmagenta|lightorange|lightpink|lightteal|lime|limegreen|limon|magenta|marine|nitrogen|olive|orange|oxygen|palecyan|palegreen|paleyellow|pink|purple|purpleblue|raspberry|red|ruby|salmon|sand|skyblue|slate|smudge|splitpea|sulfur|teal|tv\\_blue|tv\\_green|tv\\_orange|tv\\_red|tv\\_yellow|violet|violetpurple|warmpink|wheat|white|yellow|yelloworange|br0|br1|br2|br3|br4|br5|br6|br7|br8|br9|gr[ae]y10|gr[ae]y20|gr[ae]y30|gr[ae]y40|gr[ae]y50|gr[ae]y60|gr[ae]y70|gr[ae]y80|gr[ae]y90)\\b",
                "name": "storage.modifier"
            },
            {
                "match": "(everything|dots|ellipsoids|lines|mesh|spheres|sticks|surface|ribbon)\\b",
                "name": "storage.escape"
            },
            {
                "match": "(\\b|\\-)[0-9][\\.\\e]*[0-9]*\\b",
                "name": "constant.numeric.pml"
            },
            {
                "match": "(resi|resn|name|alt|chain|segi|flag|numeric_type|text_type|id|index|ss|b|q|formal_charge|partial_charge|model|rank|elem|rep|color|pepseq|all|enabled|visible|bonded|protected|masked|organic|inorganic|solvent|polymer|guide|hetatm|hydrogens|metals|backbone|sidechain|donors|acceptors|center|origin)\\b",
                "name": "storage.type.pml"
            },
            {
                "match": "\\\\\n",
                "name": "constant.character.escape.pml"
            },
            {
                "match": "[()\\[\\]]",
                "name": "keyword.punctuation.pml"
            },
            {
                "match": "[!|&,?]",
                "name": "keyword.punctuation.pml"
            },
            {
                "match": "\\b(and|or|not|in|gap|around|within|of|byres|bymolecule|byfragment|bysegment|byobject|bycell|neighbor|extend|first|last|like|bychain|bycalpha|bound_to|expand|near_to|beyond)\\b",
                "name": "keyword.operator.pml"
            },
            {
                "match": "[\\+\\-=\\*]",
                "name": "keyword.operator.pml"
            }]
		},
		"strings": {
            "name": "strings.pml",
            "patterns": [
                {
                    "name": "string.quoted.double.pml",
                    "begin": "\"",
                    "end": "\"",
                    "patterns": [
                        {
                            "match": "\\.",
                            "name": "constant.character.escape.pml"
                        }
                    ]
                },
                {
                    "name": "string.quoted.single.pml",
                    "begin": "'",
                    "end": "'",
                    "patterns": [
                        {
                            "match": "\\.",
                            "name": "constant.character.escape.pml"
                        }
                    ]
                },
                {
                    "name": "comment.line.number-sign",
                    "begin": "^#",
                    "end": "$",
                    "patterns": []
                }
            ]
			
		}
	},
	"scopeName": "source.pml"
}