{
    "patterns": [
        {
            "include": "#structure"
        }
    ], 
    "$schema": "https://raw.githubusercontent.com/martinring/tmlanguage/master/tmlanguage.json", 
    "scopeName": "source.wig", 
    "name": "wig", 
    "repository": {
        "structure": {
            "patterns": [
                {
                    "match": "(fixedStep)\\s(.*)",
                    "name": "chr.wig",
                    "captures": {
                        "1": {
                            "name": "chr.wig"
                        },
                        "2": {
                            "patterns": [
                                {
                                    "match": "chrom",
                                    "name": "chr.wig"
                                },
                                {
                                    "begin": "\\=",
                                    "end": "$",
                                    "name": "comment.wig",
                                    "patterns": [
                                        {
                                            "begin": "\\s",
                                            "end": "$",
                                            "patterns": [
                                                {
                                                    "match": "start",
                                                    "name": "chrStart.wig"
                                                },
                                                {
                                                    "match": "step",
                                                    "name": "numeric.wig"
                                                }
                                            ]
                                        }
                                    ]
                                }
                            ]
                        }
                    }
                },
                {
                    "match": "(variableStep)\\s(.*)",
                    "captures": {
                        "1": {
                            "name": "keyword.wig"
                        },
                        "2": {
                            "patterns": [
                                {
                                    "match": "chrom",
                                    "name": "chr.wig"
                                },
                                {
                                    "begin": "\\s",
                                    "end": "$",
                                    "patterns": [
                                        {
                                            "match": "span",
                                            "name": "numeric.wig"
                                        }
                                    ]
                                }
                            ]
                        }
                    }
                },
                {
                    "begin": "(?=([0-9]+\\s\\d+\\s))([0-9]+\\s)",
                    "end": "$",
                    "patterns": [
                        {
                            "name": "comment.gtf", 
                            "match": "\\.\\b"
                        }, 
                        {
                            "name": "grad1.gtf", 
                            "match": "([1-9]|[1-9].\\d+)\\b"
                        }, 
                        {
                            "name": "grad1.gtf", 
                            "match": "([1-9])([0-9]|[0-9].\\d+)\\b"
                        }, 
                        {
                            "name": "grad2.gtf", 
                            "match": "1([0-9]{2}|[0-9]{2}.\\d+)\\b"
                        }, 
                        {
                            "name": "grad3.gtf", 
                            "match": "2([0-9]{2}|[0-9]{2}.\\d+)\\b"
                        }, 
                        {
                            "name": "grad4.gtf", 
                            "match": "3([0-9]{2}|[0-9]{2}.\\d+)\\b"
                        }, 
                        {
                            "name": "grad5.gtf", 
                            "match": "4([0-9]{2}|[0-9]{2}.\\d+)\\b"
                        }, 
                        {
                            "name": "grad6.gtf", 
                            "match": "5([0-9]{2}|[0-9]{2}.\\d+)\\b"
                        }, 
                        {
                            "name": "grad7.gtf", 
                            "match": "6([0-9]{2}|[0-9]{2}.\\d+)\\b"
                        }, 
                        {
                            "name": "grad8.gtf", 
                            "match": "7([0-9]{2}|[0-9]{2}.\\d+)\\b"
                        }, 
                        {
                            "name": "grad9.gtf", 
                            "match": "8([0-9]{2}|[0-9]{2}.\\d+)\\b"
                        }, 
                        {
                            "name": "grad10.gtf", 
                            "match": "9([0-9]{2}|[0-9]{2}.\\d+)\\b"
                        }, 
                        {
                            "name": "grad10.gtf", 
                            "match": "([1-9])([0-9]{2,}|[0-9]{2,}.\\d+)\\b"
                        }
                    ]
                },
                {
                    "begin": "(?=\\d+\\s)",
                    "end": "$",
                    "patterns": [
                        {
                            "name": "comment.gtf", 
                            "match": "\\.\\b"
                        }, 
                        {
                            "name": "grad1.gtf", 
                            "match": "([1-9]|[1-9].\\d+)\\b"
                        }, 
                        {
                            "name": "grad1.gtf", 
                            "match": "([1-9])([0-9]|[0-9].\\d+)\\b"
                        }, 
                        {
                            "name": "grad2.gtf", 
                            "match": "1([0-9]{2}|[0-9]{2}.\\d+)\\b"
                        }, 
                        {
                            "name": "grad3.gtf", 
                            "match": "2([0-9]{2}|[0-9]{2}.\\d+)\\b"
                        }, 
                        {
                            "name": "grad4.gtf", 
                            "match": "3([0-9]{2}|[0-9]{2}.\\d+)\\b"
                        }, 
                        {
                            "name": "grad5.gtf", 
                            "match": "4([0-9]{2}|[0-9]{2}.\\d+)\\b"
                        }, 
                        {
                            "name": "grad6.gtf", 
                            "match": "5([0-9]{2}|[0-9]{2}.\\d+)\\b"
                        }, 
                        {
                            "name": "grad7.gtf", 
                            "match": "6([0-9]{2}|[0-9]{2}.\\d+)\\b"
                        }, 
                        {
                            "name": "grad8.gtf", 
                            "match": "7([0-9]{2}|[0-9]{2}.\\d+)\\b"
                        }, 
                        {
                            "name": "grad9.gtf", 
                            "match": "8([0-9]{2}|[0-9]{2}.\\d+)\\b"
                        }, 
                        {
                            "name": "grad10.gtf", 
                            "match": "9([0-9]{2}|[0-9]{2}.\\d+)\\b"
                        }, 
                        {
                            "name": "grad10.gtf", 
                            "match": "([1-9])([0-9]{2,}|[0-9]{2,}.\\d+)\\b"
                        }
                    ]
                }
            ]
        }
    }
}