<?xml version="1.0" encoding="UTF-8"?>

<style-scheme id="bioSyntax" _name="bioSyntax" parent-scheme="kate" version="1.0">
  <author>bioSyntax</author>
  <_description>
    bioSyntax: Computational biology syntax highlighting.
    email: info@bioSyntax.org

    Based upon the "Kate" color scheme. To change use the 'parent-scheme'
    setting above.
  </_description>

  <!-- bioSyntax.org     =================================================-->
  <!-- USE CLASSES BELOW -->

  <!-- bioSyntax Core Classes-->
  <style name="biosyntax:default"       foreground="#000000" background="#FFFFFF" italic="false" bold="false" /> 
  <style name="biosyntax:string"        foreground="#FF4641" />
  <style name="biosyntax:quoteString"   foreground="#FF4641" italic="true" />
  <style name="biosyntax:numeric"       foreground="#0087af" />
  <style name="biosyntax:numeric2"      foreground="#AE81FF" />
  <style name="biosyntax:comment"       foreground="#B1B1AF" italic="true" />
  <style name="biosyntax:comment"       foreground="#B1B1AF" italic="true" />
  <style name="biosyntax:url"           foreground="#66D9EF" />
  <style name="biosyntax:keyword"       foreground="#F92672" />
  <style name="biosyntax:keyword2"      foreground="#A6E22E" />
  <style name="biosyntax:keyword3"      foreground="#66D9EF" />
  <style name="biosyntax:keyword4"      foreground="#FD971F" />
  <style name="biosyntax:keyword5"      foreground="#AE81FF" />
  <style name="biosyntax:keyword6"      foreground="#af8700" />
  <style name="biosyntax:header"        foreground="#E6DB74" background="#3E3D32" bold="false" />
  <style name="biosyntax:headerNoBw"    foreground="#E6DB74" bold="false" />
  <style name="biosyntax:headerbw"      foreground="#BDB691" background="#47453E" />
  <style name="biosyntax:genome"        foreground="#1E8449" bold="false" />
  <style name="biosyntax:chr"           foreground="#1E8449" bold="true" />
  <style name="biosyntax:chrStart"      foreground="#1E8449" italic="true" bold="false" />
  <style name="biosyntax:chrStart2"     foreground="#00d75f" italic="true" bold="false" />

  <style name="biosyntax:chrEnd"        foreground="#1E8449" />
  <style name="biosyntax:strandPlus"    foreground="#000000" background="#4192FF" />
  <style name="biosyntax:strandMinus"   foreground="#000000" background="#F09000" />
  <style name="biosyntax:strandNone"    foreground="#B1B1AF" />
  <style name="biosyntax:geneSymbol"    foreground="#1E8449" italic="true" />
  <style name="biosyntax:geneLevel"     foreground="#1E8449" bold="false" />
  <style name="biosyntax:transcriptLevel"   foreground="#4192FF" />
  <style name="biosyntax:exonLevel"     foreground="#AE81FF" />
  <style name="biosyntax:cds"           foreground="#A6E22E" background="#000000" />
  <style name="biosyntax:start_codon"   foreground="#000000" background="#4192FF" />
  <style name="biosyntax:stop_codon"    foreground="#000000" background="#FF4641" />
  <style name="biosyntax:utr"           foreground="#B1B1AF" background="#FFFFFF" />
  <style name="biosyntax:software"      foreground="#FD971F" italic="true" />
  <style name="biosyntax:version"       foreground="#AE81FF" />
  <style name="biosyntax:command"       foreground="#FD971F" />
  <style name="biosyntax:library"       foreground="#66D9EF" />
  <style name="biosyntax:platform"      foreground="#F92672" />
  <style name="biosyntax:bon"           foreground="#000000" background="#4192FF" />
  <style name="biosyntax:mal"           foreground="#000000" background="#FF4641" />

  <!--CIGAR Strings-->
  <style name="biosyntax:cigMat"        foreground="#D8D8D7" />
  <style name="biosyntax:cigMis"        foreground="#FF4641" />
  <style name="biosyntax:cigIns"        foreground="#4192FF" />
  <style name="biosyntax:cigDel"        foreground="#F09000" />
  <style name="biosyntax:cigN"          foreground="#4F504B" italic="true" />
  <style name="biosyntax:cigClip"       foreground="#4F504B" italic="true" />

  <!--Color Gradient 1-->
  <style name="biosyntax:grad0"         foreground="#B1B1AF" />
  <style name="biosyntax:grad1"         foreground="#FFE7FD" />
  <style name="biosyntax:grad2"         foreground="#FFCFFB" />
  <style name="biosyntax:grad3"         foreground="#FFB7F9" />
  <style name="biosyntax:grad4"         foreground="#FF9FF7" />
  <style name="biosyntax:grad5"         foreground="#FF88F6" />
  <style name="biosyntax:grad6"         foreground="#FF70F4" />
  <style name="biosyntax:grad7"         foreground="#FF58F2" />
  <style name="biosyntax:grad8"         foreground="#FF40F0" />
  <style name="biosyntax:grad9"         foreground="#FF29EF" />
  <style name="biosyntax:grad10"        foreground="#FF00EB" />

  <!--BW Gradient 1-->
  <style name="biosyntax:gradbw0"       foreground="#3C3D38" />
  <style name="biosyntax:gradbw1"       foreground="#4F504B" />
  <style name="biosyntax:gradbw2"       foreground="#63635F" />
  <style name="biosyntax:gradbw3"       foreground="#767773" />
  <style name="biosyntax:gradbw4"       foreground="#8A8A87" />
  <style name="biosyntax:gradbw5"       foreground="#9D9E9B" />
  <style name="biosyntax:gradbw6"       foreground="#B1B1AF" />
  <style name="biosyntax:gradbw7"       foreground="#C4C4C3" />
  <style name="biosyntax:gradbw8"       foreground="#D8D8D7" />
  <style name="biosyntax:gradbw9"       foreground="#EBEBEB" />
  <style name="biosyntax:gradbw10"      foreground="#FFFFFF" />
  <style name="biosyntax:gradbbw9"      foreground="#EBEBEB" bold="false" />
  <style name="biosyntax:gradbbw10"     foreground="#FFFFFF" bold="false" />

  <!--IUPAC Nucleotide Colors-->
  <style name="biosyntax:ntA"           foreground="#000000" background="#47FF19" />
  <style name="biosyntax:ntT"           foreground="#000000" background="#4192FF" />
  <style name="biosyntax:ntG"           foreground="#000000" background="#FFAF00" />
  <style name="biosyntax:ntC"           foreground="#000000" background="#FF4641" />
  <style name="biosyntax:ntU"           foreground="#000000" background="#8A89FF" />
  <style name="biosyntax:ntR"           foreground="#000000" background="#FFFE80" />
  <style name="biosyntax:ntY"           foreground="#000000" background="#E180FF" />
  <style name="biosyntax:ntS"           foreground="#000000" background="#FF9B80" />
  <style name="biosyntax:ntW"           foreground="#000000" background="#80FFF2" />
  <style name="biosyntax:ntM"           foreground="#000000" background="#CE8834" />
  <style name="biosyntax:ntK"           foreground="#000000" background="#90B82C" />
  <style name="biosyntax:ntD"           foreground="#000000" background="#C7FFB9" />
  <style name="biosyntax:ntB"           foreground="#000000" background="#F8C1C0" />
  <style name="biosyntax:ntV"           foreground="#000000" background="#FFE3B9" />
  <style name="biosyntax:ntH"           foreground="#000000" background="#BFD8F9" />
  <style name="biosyntax:ntN"           foreground="#000000" background="#FFFFFF" />
  <style name="biosyntax:ntX"           foreground="#E6E6E6" />
  <style name="biosyntax:ntGap"         foreground="#E6E6E6" />

  <!--High Contrast Theme -->
  <style name="biosyntax:hcA"           foreground="#000000" background="#D2D2D2" />
  <style name="biosyntax:hcT"           foreground="#FFFFFF" background="#4192FF" />
  <style name="biosyntax:hcG"           foreground="#000000" background="#FF3200" />
  <style name="biosyntax:hcC"           foreground="#FFFFFF" background="#000000" />
  <style name="biosyntax:hcU"           foreground="#FFFFFF" background="#4A5CFF" />
  <style name="biosyntax:hcR"           foreground="#000000" background="#F49ACE" />
  <style name="biosyntax:hcY"           foreground="#FFFFFF" background="#00007D" />
  <style name="biosyntax:hcS"           foreground="#FFFFFF" background="#7D0000" />
  <style name="biosyntax:hcW"           foreground="#000000" background="#7DC8FF" />
  <style name="biosyntax:hcM"           foreground="#000000" background="#FFFE80" />
  <style name="biosyntax:hcK"           foreground="#000000" background="#9309A1" />
  <style name="biosyntax:hcD"           foreground="#000000" background="#EEB88E" />
  <style name="biosyntax:hcB"           foreground="#FFFFFF" background="#EB4915" />
  <style name="biosyntax:hcV"           foreground="#000000" background="#FF6432" />
  <style name="biosyntax:hcH"           foreground="#000000" background="#BFD8F9" />
  <style name="biosyntax:hcN"           foreground="#838383" background="#FFFFFF" />
  <style name="biosyntax:hcX"           foreground="#838383" background="#FFFFFF" />
  <style name="biosyntax:hcGap"         foreground="#838383" />

  <!--Amino Acid Clustal Colors (Default)-->
  <style name="biosyntax:aaA"           foreground="#000000" background="#80A0F0" />
  <style name="biosyntax:aaR"           foreground="#000000" background="#F01505" />
  <style name="biosyntax:aaN"           foreground="#000000" background="#00FF00" />
  <style name="biosyntax:aaD"           foreground="#000000" background="#C048C0" />
  <style name="biosyntax:aaC"           foreground="#000000" background="#F08080" />
  <style name="biosyntax:aaQ"           foreground="#000000" background="#00FF00" />
  <style name="biosyntax:aaE"           foreground="#000000" background="#C048C0" />
  <style name="biosyntax:aaG"           foreground="#000000" background="#F09048" />
  <style name="biosyntax:aaH"           foreground="#000000" background="#15A4A4" />
  <style name="biosyntax:aaI"           foreground="#000000" background="#80A0F0" />
  <style name="biosyntax:aaL"           foreground="#000000" background="#80A0F0" />
  <style name="biosyntax:aaK"           foreground="#000000" background="#F01505" />
  <style name="biosyntax:aaM"           foreground="#000000" background="#80A0F0" />
  <style name="biosyntax:aaF"           foreground="#000000" background="#80A0F0" />
  <style name="biosyntax:aaP"           foreground="#000000" background="#FFFF00" />
  <style name="biosyntax:aaS"           foreground="#000000" background="#00FF00" />
  <style name="biosyntax:aaT"           foreground="#000000" background="#00FF00" />
  <style name="biosyntax:aaW"           foreground="#000000" background="#80A0F0" />
  <style name="biosyntax:aaY"           foreground="#000000" background="#15A4A4" />
  <style name="biosyntax:aaV"           foreground="#000000" background="#80A0F0" />
  <style name="biosyntax:aaB"           foreground="#000000" background="#FFFFFF" />
  <style name="biosyntax:aaX"           foreground="#000000" background="#FFFFFF" />
  <style name="biosyntax:aaZ"           foreground="#000000" background="#FFFFFF" />

  <!--Amino Acid Zappo Colors-->
  <style name="biosyntax:zappoA"        foreground="#000000" background="#FFAFAF" />
  <style name="biosyntax:zappoR"        foreground="#000000" background="#6464FF" />
  <style name="biosyntax:zappoN"        foreground="#000000" background="#00FF00" />
  <style name="biosyntax:zappoD"        foreground="#000000" background="#FF0000" />
  <style name="biosyntax:zappoC"        foreground="#000000" background="#FFFF00" />
  <style name="biosyntax:zappoQ"        foreground="#000000" background="#00FF00" />
  <style name="biosyntax:zappoE"        foreground="#000000" background="#FF0000" />
  <style name="biosyntax:zappoG"        foreground="#000000" background="#FF00FF" />
  <style name="biosyntax:zappoH"        foreground="#000000" background="#6464FF" />
  <style name="biosyntax:zappoI"        foreground="#000000" background="#FFAFAF" />
  <style name="biosyntax:zappoL"        foreground="#000000" background="#FFAFAF" />
  <style name="biosyntax:zappoK"        foreground="#000000" background="#6464FF" />
  <style name="biosyntax:zappoM"        foreground="#000000" background="#FFAFAF" />
  <style name="biosyntax:zappoF"        foreground="#000000" background="#FFC800" />
  <style name="biosyntax:zappoP"        foreground="#000000" background="#FF00FF" />
  <style name="biosyntax:zappoS"        foreground="#000000" background="#00FF00" />
  <style name="biosyntax:zappoT"        foreground="#000000" background="#00FF00" />
  <style name="biosyntax:zappoW"        foreground="#000000" background="#FFC800" />
  <style name="biosyntax:zappoY"        foreground="#000000" background="#FFC800" />
  <style name="biosyntax:zappoV"        foreground="#000000" background="#FFAFAF" />
  <style name="biosyntax:zappoB"        foreground="#000000" background="#FFFFFF" />
  <style name="biosyntax:zappoX"        foreground="#000000" background="#FFFFFF" />
  <style name="biosyntax:zappoZ"        foreground="#000000" background="#FFFFFF" />

  <!--Amino Acid Taylor Colors-->
  <style name="biosyntax:taylorA"       foreground="#000000" background="#CCFF00" />
  <style name="biosyntax:taylorR"       foreground="#000000" background="#0000FF" />
  <style name="biosyntax:taylorN"       foreground="#000000" background="#CC00FF" />
  <style name="biosyntax:taylorD"       foreground="#000000" background="#FF0000" />
  <style name="biosyntax:taylorC"       foreground="#000000" background="#FFFF00" />
  <style name="biosyntax:taylorQ"       foreground="#000000" background="#FF00CC" />
  <style name="biosyntax:taylorE"       foreground="#000000" background="#FF0066" />
  <style name="biosyntax:taylorG"       foreground="#000000" background="#FF9900" />
  <style name="biosyntax:taylorH"       foreground="#000000" background="#0066FF" />
  <style name="biosyntax:taylorI"       foreground="#000000" background="#66FF00" />
  <style name="biosyntax:taylorL"       foreground="#000000" background="#33FF00" />
  <style name="biosyntax:taylorK"       foreground="#000000" background="#6600FF" />
  <style name="biosyntax:taylorM"       foreground="#000000" background="#00FF00" />
  <style name="biosyntax:taylorF"       foreground="#000000" background="#00FF66" />
  <style name="biosyntax:taylorP"       foreground="#000000" background="#FFCC00" />
  <style name="biosyntax:taylorS"       foreground="#000000" background="#FF3300" />
  <style name="biosyntax:taylorT"       foreground="#000000" background="#FF6600" />
  <style name="biosyntax:taylorW"       foreground="#000000" background="#00CCFF" />
  <style name="biosyntax:taylorY"       foreground="#000000" background="#00FFCC" />
  <style name="biosyntax:taylorV"       foreground="#000000" background="#99FF00" />
  <style name="biosyntax:taylorB"       foreground="#000000" background="#FFFFFF" />
  <style name="biosyntax:taylorX"       foreground="#000000" background="#FFFFFF" />
  <style name="biosyntax:taylorZ"       foreground="#000000" background="#FFFFFF" />

  <!--Amino Acid Hydrophobicity Colors-->
  <style name="biosyntax:hydroA"        foreground="#000000" background="#AD0052" />
  <style name="biosyntax:hydroR"        foreground="#000000" background="#0000FF" />
  <style name="biosyntax:hydroN"        foreground="#000000" background="#0C00F3" />
  <style name="biosyntax:hydroD"        foreground="#000000" background="#0C00F3" />
  <style name="biosyntax:hydroC"        foreground="#000000" background="#C2003D" />
  <style name="biosyntax:hydroQ"        foreground="#000000" background="#0C00F3" />
  <style name="biosyntax:hydroE"        foreground="#000000" background="#0C00F3" />
  <style name="biosyntax:hydroG"        foreground="#000000" background="#6A0095" />
  <style name="biosyntax:hydroH"        foreground="#000000" background="#1500EA" />
  <style name="biosyntax:hydroI"        foreground="#000000" background="#FF0000" />
  <style name="biosyntax:hydroL"        foreground="#000000" background="#EA0015" />
  <style name="biosyntax:hydroK"        foreground="#000000" background="#0000FF" />
  <style name="biosyntax:hydroM"        foreground="#000000" background="#B0004F" />
  <style name="biosyntax:hydroF"        foreground="#000000" background="#CB0034" />
  <style name="biosyntax:hydroP"        foreground="#000000" background="#4600B9" />
  <style name="biosyntax:hydroS"        foreground="#000000" background="#5E00A1" />
  <style name="biosyntax:hydroT"        foreground="#000000" background="#61009E" />
  <style name="biosyntax:hydroW"        foreground="#000000" background="#5B00A4" />
  <style name="biosyntax:hydroY"        foreground="#000000" background="#4F00B0" />
  <style name="biosyntax:hydroV"        foreground="#000000" background="#F60009" />
  <style name="biosyntax:hydroB"        foreground="#000000" background="#0C00F3" />
  <style name="biosyntax:hydroX"        foreground="#000000" background="#680097" />
  <style name="biosyntax:hydroZ"        foreground="#000000" background="#0C00F3" />

</style-scheme>
